{
     "log43696": {
          "date": "2024-10-11",
          "timestamp": "10:10:20.526",
          "project_id": "174390",
          "status": "Debug",
          "information": "PlanningDetails\tActivity Time for shipmentSpecialService UNLOAD is 1776.0 S [batch - 2]"
     },
     "log43697": {
          "date": "2024-10-11",
          "timestamp": "10:10:20.526",
          "project_id": "174390",
          "status": "Debug",
          "information": "PlanningDetails\tCalling getStopsWithActivityType: D [batch - 2]"
     },
     "log43698": {
          "date": "2024-10-11",
          "timestamp": "10:10:20.526",
          "project_id": "174390",
          "status": "Debug",
          "information": "PlanningDetails\tNumber of stops returned by getStopsWithActivityType: 1 [batch - 2]"
     },
     "log43699": {
          "date": "2024-10-11",
          "timestamp": "10:10:20.526",
          "project_id": "174390",
          "status": "Debug",
          "information": "Planning\tsetting trailer configuration for EDE [batch - 2]"
     },
     "log43700": {
          "date": "2024-10-11",
          "timestamp": "10:10:20.526",
          "project_id": "174390",
          "status": "Debug",
          "information": "Planning\tTrailer Configuration for EDE restrictions are: TruckTrailerConfig [trailerCount=1] [batch - 2]"
     },
     "log43701": {
          "date": "2024-10-11",
          "timestamp": "10:10:20.526",
          "project_id": "174390",
          "status": "Debug",
          "information": "PlanningDetails\tStart calculating rolling Equipment dimensions for stop <1(SKULLY.DENVER_CO_WAREHOUSE C)> and combination equipment <null> [batch - 2]"
     },
     "log43702": {
          "date": "2024-10-11",
          "timestamp": "10:10:20.526",
          "project_id": "174390",
          "status": "Debug",
          "information": "PlanningDetails\tList of s-equipments [batch - 2]"
     },
     "log43703": {
          "date": "2024-10-11",
          "timestamp": "10:10:20.526",
          "project_id": "174390",
          "status": "Debug",
          "information": "PlanningDetails\t--> 1 - SKULLY.53 FT DRY TRAILER [batch - 2]"
     },
     "log43704": {
          "date": "2024-10-11",
          "timestamp": "10:10:20.526",
          "project_id": "174390",
          "status": "Debug",
          "information": "PlanningDetails\tCalculating for s-equipment : <SEquipmentGid: null, EquipmentGroup: SKULLY.53 FT DRY TRAILER(1742876706)   contains 1 TSShipUnits. unit: 1 1262477447 created from ShipUnit: SKULLY.DENVER-STERLI-00076-001 ..range = 1-4> [batch - 2]"
     },
     "log43705": {
          "date": "2024-10-11",
          "timestamp": "10:10:20.526",
          "project_id": "174390",
          "status": "Debug",
          "information": "PlanningDetails\t--has truck type : <ENCLOSED SEMI-TRAILER> and trailer type : <Semi-Trailer> [batch - 2]"
     },
     "log43706": {
          "date": "2024-10-11",
          "timestamp": "10:10:20.526",
          "project_id": "174390",
          "status": "Debug",
          "information": "PlanningDetails\tCargo Weight Details: [batch - 2]"
     },
     "log43707": {
          "date": "2024-10-11",
          "timestamp": "10:10:20.526",
          "project_id": "174390",
          "status": "Debug",
          "information": "PlanningDetails\tShip Unit Count-->4 Unit Weight-->2010.0 LB [batch - 2]"
     },
     "log43708": {
          "date": "2024-10-11",
          "timestamp": "10:10:20.526",
          "project_id": "174390",
          "status": "Debug",
          "information": "PlanningDetails\t4 * 2010.0 LB = 8040.0 LB [batch - 2]"
     },
     "log43709": {
          "date": "2024-10-11",
          "timestamp": "10:10:20.526",
          "project_id": "174390",
          "status": "Debug",
          "information": "PlanningDetails\tRolling Equipment dimensions for current s-equipment are:  [batch - 2]"
     },
     "log43710": {
          "date": "2024-10-11",
          "timestamp": "10:10:20.526",
          "project_id": "174390",
          "status": "Debug",
          "information": "PlanningDetails\t--Length =48.5 FT, Width=102.0 IN, Height=13.5 FT [batch - 2]"
     },
     "log43711": {
          "date": "2024-10-11",
          "timestamp": "10:10:20.526",
          "project_id": "174390",
          "status": "Debug",
          "information": "PlanningDetails\tEquipment Group-->SEquipmentGid: null, EquipmentGroup: SKULLY.53 FT DRY TRAILER(1742876706)   contains 1 TSShipUnits. unit: 1 1262477447 created from ShipUnit: SKULLY.DENVER-STERLI-00076-001 ..range = 1-4,Tare Weight-->13000.0 LB [batch - 2]"
     },
     "log43712": {
          "date": "2024-10-11",
          "timestamp": "10:10:20.526",
          "project_id": "174390",
          "status": "Debug",
          "information": "PlanningDetails\tshipment has no power unit assigned. will be using default for length calculation. [batch - 2]"
     },
     "log43713": {
          "date": "2024-10-11",
          "timestamp": "10:10:20.526",
          "project_id": "174390",
          "status": "Debug",
          "information": "PlanningDetails\tPower unit used in calculations: DEFAULT FOR PLANNING [batch - 2]"
     },
     "log43714": {
          "date": "2024-10-11",
          "timestamp": "10:10:20.526",
          "project_id": "174390",
          "status": "Debug",
          "information": "PlanningDetails\tPower Unit-->powerUnitGid: DEFAULT FOR PLANNING,Tare Weight-->15500.0 LB [batch - 2]"
     },
     "log43715": {
          "date": "2024-10-11",
          "timestamp": "10:10:20.526",
          "project_id": "174390",
          "status": "Debug",
          "information": "PlanningDetails\tRolling Weight with Power Unit Weight-->15500.0 LB [batch - 2]"
     },
     "log43716": {
          "date": "2024-10-11",
          "timestamp": "10:10:20.526",
          "project_id": "174390",
          "status": "Debug",
          "information": "PlanningDetails\tRolling Weight with Cargo Weight-->23540.0 LB [batch - 2]"
     },
     "log43717": {
          "date": "2024-10-11",
          "timestamp": "10:10:20.526",
          "project_id": "174390",
          "status": "Debug",
          "information": "PlanningDetails\tRolling Weight with Equipment Group Tare Weight-->36540.0 LB [batch - 2]"
     },
     "log43718": {
          "date": "2024-10-11",
          "timestamp": "10:10:20.527",
          "project_id": "174390",
          "status": "Debug",
          "information": "PlanningDetails\t--> Calculated EquipmentDimensions [length=78.75 FT, width=102.0 IN, height=13.5 FT, totalWeight=36540.0 LB] [batch - 2]"
     },
     "log43719": {
          "date": "2024-10-11",
          "timestamp": "10:10:20.527",
          "project_id": "174390",
          "status": "Debug",
          "information": "PlanningDetails\tEnd calculating rolling Equipment Type dimensions for EDE restrictions. [batch - 2]"
     },
     "log43720": {
          "date": "2024-10-11",
          "timestamp": "10:10:20.527",
          "project_id": "174390",
          "status": "Debug",
          "information": "PlanningDetails\tCalling getStopsWithActivityType: P [batch - 2]"
     },
     "log43721": {
          "date": "2024-10-11",
          "timestamp": "10:10:20.527",
          "project_id": "174390",
          "status": "Debug",
          "information": "PlanningDetails\tNumber of stops returned by getStopsWithActivityType: 1 [batch - 2]"
     },
     "log43722": {
          "date": "2024-10-11",
          "timestamp": "10:10:20.527",
          "project_id": "174390",
          "status": "Debug",
          "information": "Planning\tstart CalendarWorkPeriodManager.workPeriodRanges [batch - 2]"
     },
     "log43723": {
          "date": "2024-10-11",
          "timestamp": "10:10:20.527",
          "project_id": "174390",
          "status": "Debug",
          "information": "Planning\tstartTime: 2024-10-11 04:05:04 America/Denver [batch - 2]"
     },
     "log43724": {
          "date": "2024-10-11",
          "timestamp": "10:10:20.527",
          "project_id": "174390",
          "status": "Debug",
          "information": "Planning\tendTime: 2024-11-24 03:05:04 America/Denver [batch - 2]"
     },
     "log43725": {
          "date": "2024-10-11",
          "timestamp": "10:10:20.527",
          "project_id": "174390",
          "status": "Debug",
          "information": "Planning\tcalendarGid: SKULLY.BUSINESS_7DAYS_0700-1900 [batch - 2]"
     },
     "log43726": {
          "date": "2024-10-11",
          "timestamp": "10:10:20.527",
          "project_id": "174390",
          "status": "Debug",
          "information": "Planning\tactivity: RECEIVE [batch - 2]"
     },
     "log43727": {
          "date": "2024-10-11",
          "timestamp": "10:10:20.527",
          "project_id": "174390",
          "status": "Debug",
          "information": "Planning\tend CalendarWorkPeriodManager.workPeriodRanges [batch - 2]"
     },
     "log43728": {
          "date": "2024-10-11",
          "timestamp": "10:10:20.527",
          "project_id": "174390",
          "status": "Debug",
          "information": "Planning\tsetting trailer configuration for EDE [batch - 2]"
     },
     "log43729": {
          "date": "2024-10-11",
          "timestamp": "10:10:20.527",
          "project_id": "174390",
          "status": "Debug",
          "information": "Planning\tTrailer Configuration for EDE restrictions are: TruckTrailerConfig [trailerCount=1] [batch - 2]"
     },
     "log43730": {
          "date": "2024-10-11",
          "timestamp": "10:10:20.527",
          "project_id": "174390",
          "status": "Debug",
          "information": "PlanningDetails\tStart calculating rolling Equipment dimensions for stop <2(SKULLY.STERLING_CO_HOME DEPOT)> and combination equipment <null> [batch - 2]"
     },
     "log43731": {
          "date": "2024-10-11",
          "timestamp": "10:10:20.527",
          "project_id": "174390",
          "status": "Debug",
          "information": "PlanningDetails\tList of s-equipments [batch - 2]"
     },
     "log43732": {
          "date": "2024-10-11",
          "timestamp": "10:10:20.527",
          "project_id": "174390",
          "status": "Debug",
          "information": "PlanningDetails\t--> 1 - SKULLY.53 FT DRY TRAILER [batch - 2]"
     },
     "log43733": {
          "date": "2024-10-11",
          "timestamp": "10:10:20.527",
          "project_id": "174390",
          "status": "Debug",
          "information": "PlanningDetails\tCalculating for s-equipment : <SEquipmentGid: null, EquipmentGroup: SKULLY.53 FT DRY TRAILER(1742876706)   contains 1 TSShipUnits. unit: 1 1262477447 created from ShipUnit: SKULLY.DENVER-STERLI-00076-001 ..range = 1-4> [batch - 2]"
     },
     "log43734": {
          "date": "2024-10-11",
          "timestamp": "10:10:20.527",
          "project_id": "174390",
          "status": "Debug",
          "information": "PlanningDetails\t--has truck type : <ENCLOSED SEMI-TRAILER> and trailer type : <Semi-Trailer> [batch - 2]"
     },
     "log43735": {
          "date": "2024-10-11",
          "timestamp": "10:10:20.527",
          "project_id": "174390",
          "status": "Debug",
          "information": "PlanningDetails\tRolling Equipment dimensions for current s-equipment are:  [batch - 2]"
     },
     "log43736": {
          "date": "2024-10-11",
          "timestamp": "10:10:20.527",
          "project_id": "174390",
          "status": "Debug",
          "information": "PlanningDetails\t--Length =48.5 FT, Width=102.0 IN, Height=13.5 FT [batch - 2]"
     },
     "log43737": {
          "date": "2024-10-11",
          "timestamp": "10:10:20.527",
          "project_id": "174390",
          "status": "Debug",
          "information": "PlanningDetails\tEquipment Group-->SEquipmentGid: null, EquipmentGroup: SKULLY.53 FT DRY TRAILER(1742876706)   contains 1 TSShipUnits. unit: 1 1262477447 created from ShipUnit: SKULLY.DENVER-STERLI-00076-001 ..range = 1-4,Tare Weight-->13000.0 LB [batch - 2]"
     },
     "log43738": {
          "date": "2024-10-11",
          "timestamp": "10:10:20.527",
          "project_id": "174390",
          "status": "Debug",
          "information": "PlanningDetails\tshipment has no power unit assigned. will be using default for length calculation. [batch - 2]"
     },
     "log43739": {
          "date": "2024-10-11",
          "timestamp": "10:10:20.527",
          "project_id": "174390",
          "status": "Debug",
          "information": "PlanningDetails\tPower unit used in calculations: DEFAULT FOR PLANNING [batch - 2]"
     },
     "log43740": {
          "date": "2024-10-11",
          "timestamp": "10:10:20.527",
          "project_id": "174390",
          "status": "Debug",
          "information": "PlanningDetails\tPower Unit-->powerUnitGid: DEFAULT FOR PLANNING,Tare Weight-->15500.0 LB [batch - 2]"
     },
     "log43741": {
          "date": "2024-10-11",
          "timestamp": "10:10:20.527",
          "project_id": "174390",
          "status": "Debug",
          "information": "PlanningDetails\tRolling Weight with Power Unit Weight-->15500.0 LB [batch - 2]"
     },
     "log43742": {
          "date": "2024-10-11",
          "timestamp": "10:10:20.527",
          "project_id": "174390",
          "status": "Debug",
          "information": "PlanningDetails\tRolling Weight with Cargo Weight-->15500.0 LB [batch - 2]"
     },
     "log43743": {
          "date": "2024-10-11",
          "timestamp": "10:10:20.527",
          "project_id": "174390",
          "status": "Debug",
          "information": "PlanningDetails\tRolling Weight with Equipment Group Tare Weight-->28500.0 LB [batch - 2]"
     },
     "log43744": {
          "date": "2024-10-11",
          "timestamp": "10:10:20.527",
          "project_id": "174390",
          "status": "Debug",
          "information": "PlanningDetails\t--> Calculated EquipmentDimensions [length=78.75 FT, width=102.0 IN, height=13.5 FT, totalWeight=28500.0 LB] [batch - 2]"
     },
     "log43745": {
          "date": "2024-10-11",
          "timestamp": "10:10:20.527",
          "project_id": "174390",
          "status": "Debug",
          "information": "PlanningDetails\tEnd calculating rolling Equipment Type dimensions for EDE restrictions. [batch - 2]"
     }
}